Corporation \ Product,"LC Value
Jan 2026","LC Value
Feb 2026","LC Value
Mar 2026","LC Value
Apr 2026","LC Value
May 2026","LC Value
Jun 2026","LC Value
Jul 2026","LC Value
Aug 2026","Units
Jan 2026","Units
Feb 2026","Units
Mar 2026","Units
Apr 2026","Units
May 2026","Units
Jun 2026","Units
Jul 2026","Units
Aug 2026","Units Market Share
Jan 2026","Units Market Share
Feb 2026","Units Market Share
Mar 2026","Units Market Share
Apr 2026","Units Market Share
May 2026","Units Market Share
Jun 2026","Units Market Share
Jul 2026","Units Market Share
Aug 2026"
FITMOTUS,"4,608,750","4,181,843","4,357,397","3,631,303","4,756,840","4,931,660","4,338,270","5,735,150","12,050","10,868","11,431","9,514","12,491","12,919","11,388","15,060",0.12%,0.09%,0.07%,0.11%,0.11%,0.09%,0.12%,0.12%
ARTISOY,"675,840","1,670,160","1,730,400","2,104,560","1,538,160","3,421,440","3,632,160","2,025,600","2,816","6,959","7,210","8,769","6,409","14,256","15,134","8,440",0.05%,0.13%,0.11%,0.14%,0.12%,0.24%,0.28%,0.14%
GENUPHIL ADVANCE,"16,535,725","25,644,415","30,440,835","7,912,700","26,455,245","38,307,525","10,318,545","19,588,370","35,661","55,439","62,697","17,134","57,867","78,803","22,371","39,330",1.15%,1.21%,1.02%,0.60%,1.41%,1.14%,0.54%,0.86%
GENUPHIL,"8,983,640","10,818,600","59,665,858","38,980,246","43,122,290","70,002,110","29,441,160","46,458,260","32,657","40,887","194,280","128,188","141,918","227,986","96,858","151,663",1.05%,0.89%,3.16%,4.51%,3.45%,3.31%,2.34%,3.33%
GENUPHIL WOMAN,"8,285,565","15,026,360","26,132,480","4,547,130","11,222,670","29,575,555","8,294,245","27,342,020","19,951","28,048","51,642","8,946","28,620","55,799","15,401","53,724",0.64%,0.61%,0.84%,0.31%,0.70%,0.81%,0.37%,1.18%
ACTI-COLLA C,"6,734,637","6,306,272","4,476,472","2,783,936","5,471,598","8,671,377","4,879,695","9,073,487","17,924","17,965","11,409","6,307","14,814","21,723","11,357","22,228",0.58%,0.39%,0.19%,0.22%,0.36%,0.32%,0.27%,0.49%
ACTI-COLLA ADVANCE,"5,807,384","7,324,407","7,496,905","4,561,161","3,913,522","3,418,550","7,274,121","7,804,395","11,325","16,611","14,664","9,264","7,456","7,423","14,924","15,561",0.37%,0.36%,0.24%,0.33%,0.18%,0.11%,0.36%,0.34%
DIACEREIN,"2,509,884","6,419,400","12,497,472","2,812,574","3,247,608","6,743,100","2,926,716","5,873,712","16,089","41,150","80,112","18,029","20,818","43,225","18,761","37,652",0.52%,0.90%,1.30%,0.63%,0.51%,0.63%,0.45%,0.83%
DR OXYGN F BN & JT,"2,560,880","539,280","372,400","294,000","385,280","343,280","391,440","668,640","9,146","1,926","1,330","1,050","1,376","1,226","1,398","2,388",0.19%,0.05%,0.02%,0.03%,0.04%,0.03%,0.04%,0.05%
JOINT PLUS,"5,875,500","5,933,000","6,152,500","6,459,250","6,200,500","7,479,000","7,627,500","2,985,000","11,751","11,866","12,305","12,919","12,401","14,958","15,255","5,970",0.25%,0.24%,0.22%,0.23%,0.25%,0.27%,0.30%,0.11%
ARTICU-SAFE,"792,762","486,402","914,085","1,041,180","423,798","288,378","337,662","233,988","7,142","4,382","8,235","9,380","3,818","2,598","3,042","2,108",0.15%,0.09%,0.15%,0.17%,0.08%,0.05%,0.06%,0.04%
LIMITLESS JO AVOPL,"3,537,000","2,479,320","885,960","2,825,640","2,176,200","1,337,760","663,120","249,480","9,825","6,887","2,461","7,849","6,045","3,716","1,842",693,0.78%,0.32%,0.07%,0.31%,0.33%,0.11%,0.10%,0.03%
LIMITLESS TURMERIC,"1,217,500","1,875,500","10,233,300","1,891,450","3,085,500","2,734,050","2,042,150","2,090,000","2,435","3,751","18,606","3,439","5,610","4,971","3,713","3,800",0.19%,0.17%,0.53%,0.13%,0.30%,0.15%,0.20%,0.16%
LIMITLESS MSM UCT2,"1,066,910","1,264,110","3,364,290","4,570,980","2,785,450","3,577,150","538,820","1,126,360","3,679","4,359","11,601","15,762","9,605","12,335","1,858","3,884",0.29%,0.20%,0.33%,0.62%,0.52%,0.37%,0.10%,0.16%
SUPLASIN,"693,550","383,150","567,450","242,500","72,750","552,900","48,500","896,000",143,79,117,50,15,114,10,140,0.01%,0.01%,0.00%,0.00%,0.00%,0.00%,0.00%,0.01%
MSM,,,"33,000","63,720","208,080","337,200","245,880","192,480",,,275,531,"1,734","2,810","2,049","1,604",,,0.01%,0.02%,0.08%,0.07%,0.09%,0.05%
DOZOVA FLEXETA,"691,520","1,938,600","1,299,090","867,360","1,067,820","1,343,940","1,116,570","1,079,910","1,768","4,970","3,331","2,224","2,738","3,446","2,863","2,769",0.16%,0.39%,0.20%,0.20%,0.19%,0.17%,0.22%,0.17%
MERALGO,"12,821,400","19,607,163","17,505,113","21,311,200","20,755,725","20,322,438","17,147,688","19,986,688","24,233","40,673","37,025","42,792","42,312","41,901","32,761","40,905",2.69%,4.38%,4.43%,3.88%,4.62%,3.69%,2.83%,3.66%
PIASCLEDINE,"9,992,994","11,373,362","13,509,188","23,283,590","13,614,436","23,850,816","24,368,960","10,441,816","19,749","22,477","26,698","46,015","26,906","47,136","48,160","20,636",2.19%,2.42%,3.19%,4.17%,2.94%,4.15%,4.16%,1.85%
MOVENTOR,"8,597,745","6,691,620","4,887,480","13,365,495","14,317,095","4,875,390","23,333,975","6,861,620","22,014","17,102","12,505","34,233","36,673","12,471","54,879","16,116",2.45%,1.84%,1.50%,3.11%,4.01%,1.10%,4.74%,1.44%
MOVENTOR ADVANCE,"6,673,760","9,983,610","8,083,030","11,273,630","17,878,490","10,826,840","17,405,730","17,891,740","12,592","18,837","15,251","21,271","33,733","20,428","32,841","33,758",1.40%,2.03%,1.82%,1.93%,3.68%,1.80%,2.84%,3.02%
CENTRAVITA PALMI,"1,768,160","2,416,480","2,190,080","1,768,000","1,311,200","1,973,440","2,331,840","1,504,800","11,051","15,103","13,688","11,050","8,195","12,334","14,574","9,405",1.23%,1.63%,1.64%,1.00%,0.90%,1.09%,1.26%,0.84%
CUSHION,"1,167,360","1,375,125","1,403,055","1,604,550","1,706,580","1,883,850","2,369,490","1,462,905","4,096","4,825","4,923","5,630","5,988","6,610","8,314","5,133",0.46%,0.52%,0.59%,0.51%,0.65%,0.58%,0.72%,0.46%
CENTRAVITA UC JOIN,"292,640","361,670","292,640","499,140","552,830","738,680","670,830","697,970",496,613,496,846,937,"1,252","1,137","1,183",0.06%,0.07%,0.06%,0.08%,0.10%,0.11%,0.10%,0.11%
COLLAGICA FORTE,"868,700","919,450","975,450","1,185,800","1,159,900","1,218,525","1,086,750","1,441,300","2,482","2,627","2,787","3,388","3,314","3,482","3,105","4,118",0.15%,0.19%,0.19%,0.23%,0.26%,0.30%,0.27%,0.34%
GETFLEX ACTIVE,"532,335","77,280","136,620","136,275","380,535","598,575","937,020","1,206,810","1,543",224,396,395,"1,103","1,735","2,716","3,498",0.10%,0.02%,0.03%,0.03%,0.09%,0.15%,0.23%,0.29%
SANSO COLLAGEN FIT,"252,840","126,420","299,880","196,000","102,900","98,980","441,000","166,600",258,129,306,200,105,101,450,170,0.02%,0.00%,0.00%,0.00%,0.00%,0.00%,0.01%,0.00%
SANSOBIFLEX PLUS,"65,920","79,360","90,560","84,800","57,920","32,000","36,160","26,880",206,248,283,265,181,100,113,84,0.01%,0.01%,0.00%,0.00%,0.00%,0.00%,0.00%,0.00%
INTRAGEL,"274,350","363,250","189,000","75,000","98,250","61,000","67,250","70,750",159,185,102,48,75,44,43,47,0.23%,0.52%,0.32%,0.15%,0.26%,0.09%,0.12%,0.11%
AVOREXAL,"378,540","370,980","363,420","449,010","395,010","667,710","973,890","605,610","1,402","1,374","1,346","1,663","1,463","2,473","3,607","2,243",0.07%,0.08%,0.06%,0.07%,0.06%,0.10%,0.16%,0.09%
COLLABUILD PLUS,"374,000","1,699,000","2,664,500","3,450,500","3,576,500","3,934,000","4,124,500","4,021,000",748,"3,398","5,329","6,901","7,153","7,868","8,249","8,042",0.06%,0.28%,0.45%,0.53%,0.59%,0.65%,0.69%,0.68%
EVRYSDI,"10,140,000","37,960,000","4,420,000",,"4,420,000","35,360,000","4,420,000","14,560,000",39,146,17,,17,136,17,56,0.09%,0.31%,0.02%,,0.03%,0.27%,0.03%,0.08%
CHONDROGEN,"447,200","287,920","275,280","329,840","728,880","563,760","281,680","269,440","5,590","3,599","3,441","4,123","9,111","7,047","3,521","3,368",0.30%,0.17%,0.21%,0.21%,0.40%,0.37%,0.28%,0.21%
CARTIOFEN,"11,040","8,460","16,920","22,860","17,100","12,780","9,720","9,900",92,47,94,127,95,71,54,55,0.01%,0.01%,0.01%,0.01%,0.01%,0.01%,0.01%,0.01%
SHARKILAGE PLUS,"1,978,800","324,150","247,500","576,600","1,479,000","1,942,800","994,650","390,600","13,192","2,161","1,650","3,844","9,860","12,952","6,631","2,604",2.29%,0.34%,0.24%,0.55%,1.74%,2.95%,0.71%,0.46%
SHARKILAGE,"178,740","3,411,990","515,430","514,485","608,985","716,445","714,825","232,200","1,324","25,274","3,818","3,811","4,511","5,307","5,295","1,720",0.23%,3.95%,0.55%,0.54%,0.80%,1.21%,0.57%,0.30%
COSANTOX,"5,175","1,800",225,225,225,450,"1,125","1,800",23,8,1,1,1,2,5,8,0.00%,0.00%,0.00%,0.00%,0.00%,0.00%,0.00%,0.00%
SULFAX,"21,467,890","33,316,225","12,464,755","17,167,064","19,847,940","23,152,500","29,413,010","23,888,995","145,537","254,566","83,591","123,062","143,165","162,886","222,501","155,189",30.16%,42.60%,22.07%,23.87%,28.95%,28.28%,37.57%,25.01%
ENERA,"4,579,030","5,037,390","4,351,420","4,935,560","5,754,710","7,273,010","5,967,480","5,854,950","13,111","14,645","12,601","14,469","17,071","21,386","17,854","17,754",2.72%,2.45%,3.33%,2.81%,3.45%,3.71%,3.01%,2.86%
ARTHROHOLD,"3,568,710","3,959,970","3,149,910","3,868,889","3,336,000","4,929,300","4,779,330","4,704,430","8,327","9,257","7,375","9,022","7,820","11,388","11,141","10,607",1.73%,1.55%,1.95%,1.75%,1.58%,1.98%,1.88%,1.71%
JONMERA,"240,425","345,150","96,760","228,035","151,335","832,195","255,765","397,365",815,"1,170",328,773,513,"2,821",867,"1,347",0.07%,0.17%,0.02%,0.05%,0.06%,0.22%,0.10%,0.19%
ROTAMOVE,"153,000","159,750","18,000","153,900","121,050","49,050","122,850","361,350",340,355,40,342,269,109,273,803,0.03%,0.05%,0.00%,0.02%,0.03%,0.01%,0.03%,0.11%
SYNOBIOGEN,"106,240","139,440","64,740","92,960","249,000","207,500","152,720","122,840",64,84,39,56,150,125,92,74,0.01%,0.01%,0.00%,0.00%,0.02%,0.01%,0.01%,0.01%
JOCOSA,"55,845","51,714","9,945","50,949","48,807","230,571","32,283","118,575",365,338,65,333,319,"1,507",211,775,0.03%,0.05%,0.00%,0.02%,0.04%,0.12%,0.02%,0.11%
SOYAMOVE ADVANCE,,"248,430","12,870","39,000","50,310","605,280","135,720","190,710",,637,33,100,129,"1,552",348,489,,0.09%,0.00%,0.01%,0.02%,0.12%,0.04%,0.07%
GINKGODIMA,"9,315","25,920","14,715","66,285","39,150","34,695","38,205","51,030",69,192,109,491,290,257,283,378,0.00%,0.01%,0.01%,0.02%,0.02%,0.01%,0.01%,0.02%
JOINTINAL,"3,783,450","3,809,850","4,094,750","3,809,850","3,467,750","3,652,550","3,612,400","3,600,850","6,879","6,927","7,445","6,927","6,305","6,641","6,568","6,547",1.58%,1.61%,1.70%,1.59%,1.46%,1.53%,1.48%,1.26%
CAL-MAG JOINT,"953,040","1,466,880","868,800","1,580,558","3,212,880","2,153,520","2,768,160","2,323,920","3,971","6,112","3,620","6,586","13,387","8,973","11,534","9,683",1.12%,2.18%,1.70%,1.93%,4.06%,2.84%,3.39%,2.97%
JOINT GUARD UL.,"6,099,277","6,862,144","2,655,565","826,620","12,336,405","7,105,937","7,002,450","7,466,550","12,223","11,456","4,433","1,380","20,595","11,863","10,773","11,487",6.93%,14.27%,4.75%,0.65%,16.90%,8.26%,8.18%,8.78%
JOINT GUARD,"798,587","1,030,024","1,018,880","885,948","32,835","1,499,067","801,572","957,986","4,013","5,176","5,120","4,452",165,"7,533","4,028","4,814",2.28%,6.45%,5.48%,2.11%,0.14%,5.24%,3.06%,3.68%
JOINT GUARD PLUS,"607,950","1,253,658","1,143,666","1,334,256","1,906,821","1,005,480","1,361,388","1,202,985","1,737","3,142","2,866","3,344","4,779","2,520","3,412","3,015",0.99%,3.91%,3.07%,1.59%,3.92%,1.75%,2.59%,2.31%
PENTACEREIN,"11,232","18,360","50,490","58,752","25,398","16,983","24,786","23,256",156,120,330,384,166,111,162,152,0.03%,0.02%,0.06%,0.08%,0.03%,0.03%,0.03%,0.03%
JOINTA,"15,066,760","10,965,680","15,908,032","15,335,700","15,216,630","22,502,610","18,866,250","17,667,780","44,314","32,252","46,788","45,105","39,017","57,699","48,375","45,302",15.01%,11.68%,7.82%,9.85%,7.88%,12.47%,10.18%,9.28%
COLLAGEN PEPTIDES,"528,700","770,100","632,400","933,300","1,207,000","1,441,600","493,000","878,145",311,453,372,549,710,848,290,439,0.84%,1.11%,1.14%,1.29%,2.16%,3.48%,0.69%,1.26%
MSM,"158,700","300,000","321,250","581,250","292,500","653,750","337,500","283,500",138,240,257,465,234,523,225,189,0.37%,0.59%,0.79%,1.09%,0.71%,2.15%,0.54%,0.54%
JOINTONEX,"3,553,200","3,875,400","2,049,600","2,935,800","4,100,400","3,300,300","1,489,800","1,591,200","11,844","12,918","6,832","9,786","13,668","11,001","4,966","5,304",6.39%,5.46%,2.79%,4.21%,5.63%,4.13%,2.18%,1.90%
DIAZOCERINE,"33,856","19,044","8,970","2,668","25,944","23,598","22,172","22,172",736,414,195,58,564,513,482,482,0.16%,0.09%,0.03%,0.01%,0.10%,0.08%,0.07%,0.07%
GINCOSTAZEN,"1,250,850","1,287,000","898,800","1,252,650","1,028,400","1,114,350","1,053,150","692,850","8,339","8,580","5,992","8,351","6,856","7,429","7,021","4,619",1.38%,0.67%,0.63%,0.73%,0.70%,0.72%,1.40%,0.84%
OSTEORINE,"98,882","185,220","195,902","243,138","200,116","267,932","252,742","178,360","1,009","1,890","1,999","2,481","2,042","2,734","2,579","1,820",0.17%,0.15%,0.21%,0.22%,0.21%,0.26%,0.51%,0.33%
TIGINT PLUS,"476,180","427,750","370,910","379,030","410,350","400,200","407,740","384,250","1,642","1,475","1,279","1,307","1,415","1,380","1,406","1,325",1.60%,1.54%,1.35%,1.34%,0.92%,0.95%,0.97%,0.90%
TIGINT,"8,170","10,830","17,860","14,820","15,390","9,500","8,360","19,760",43,57,94,78,81,50,44,104,0.04%,0.06%,0.10%,0.08%,0.05%,0.03%,0.03%,0.07%
LUSTY JOINT,"132,330","126,390","122,100","146,850","140,910","149,490","65,010","59,070",401,383,370,445,427,453,197,179,0.11%,0.13%,0.12%,0.10%,0.12%,0.12%,0.04%,0.04%
MOVELEX ADVANCE,"3,544,500","4,552,875","6,594,375","4,906,624","3,793,624","3,784,875","2,639,250","2,628,878","9,452","12,141","17,585","13,084","10,116","10,093","7,038","7,010",11.10%,7.82%,9.37%,11.09%,10.88%,9.30%,7.45%,8.50%
MOVELEX ULTRA,"1,293,300","2,933,010","2,459,160","2,181,060","1,701,054","1,622,790","1,277,940","3,640,117","4,790","10,863","9,108","8,078","6,300","5,694","4,484","12,772",5.62%,7.00%,4.85%,6.85%,6.77%,5.25%,4.74%,15.48%
COLLAGEN JOINT FOR,"394,270","413,850","257,210","139,730","161,980","138,840","111,250","47,170",443,465,289,157,182,156,125,53,0.28%,0.39%,0.46%,0.11%,0.20%,0.11%,0.08%,0.04%
JOFLEX,"497,904","550,827","452,778","538,062","773,766","643,149","844,767","636,801","7,216","7,983","6,562","7,798","11,214","9,321","12,243","9,229",5.70%,6.53%,5.83%,5.27%,8.62%,6.87%,8.99%,6.66%
HYALONE,"3,060,400","11,835,600","14,795,800","13,171,800","11,370,900","8,270,800","12,033,000","8,715,000","1,093","4,227","5,102","4,542","3,921","2,852","3,438","2,490",2.93%,7.20%,10.04%,6.94%,5.73%,3.68%,5.72%,4.41%
HYALGAN,"1,307,322","1,907,352","1,741,680","2,761,200","3,739,302","2,468,088","1,523,970","1,708,758","2,462","3,592","3,280","5,200","7,042","4,648","2,870","3,218",6.60%,6.12%,6.45%,7.94%,10.29%,6.00%,4.77%,5.70%
HYALUBRIX,"918,400","3,858,400","3,259,600","4,052,750","2,040,150","3,468,400","2,640,450","2,508,500",656,"2,756","2,248","2,795","1,407","2,392","1,821","1,730",1.76%,4.70%,4.42%,4.27%,2.06%,3.09%,3.03%,3.06%
SERIO JOINT,"1,170","5,070","37,245","94,185","73,710","94,380","62,010","101,595",6,26,191,483,378,484,318,521,0.00%,0.02%,0.14%,0.30%,0.28%,0.30%,0.22%,0.39%
CH-ALPHA,"15,774,710","18,807,850","13,207,170","19,597,490","21,209,945","20,212,460","18,142,445","20,138,965","43,185","51,417","35,453","50,035","54,112","51,532","46,276","51,344",100.00%,100.00%,100.00%,100.00%,100.00%,100.00%,100.00%,100.00%
PAXANOVEL,"274,725","210,900","148,185","147,075","256,965","204,795","340,215","192,030",495,380,267,265,463,369,613,346,0.28%,0.39%,0.25%,0.22%,0.41%,0.33%,0.72%,0.40%
PAXOTREVE,880,880,880,220,,,,,4,4,4,1,,,,,0.00%,0.00%,0.00%,0.00%,,,,
AVOSOYA,"5,702,550","5,142,900","3,962,350","5,782,000","5,472,250","4,982,600","5,192,250","5,661,250","16,293","14,694","11,321","16,520","15,635","14,236","14,835","16,175",45.61%,40.34%,39.52%,42.23%,46.33%,39.99%,44.38%,45.88%
AVOREND,"689,700","660,600","487,200","667,500","591,000","665,100","716,700","573,000","2,299","2,202","1,624","2,225","1,970","2,217","2,389","1,910",6.44%,6.05%,5.67%,5.69%,5.84%,6.23%,7.15%,5.42%
DULAGEN,"27,030","41,075","37,630","74,730","62,805","76,055","86,125","137,005",102,155,142,282,237,287,325,517,0.13%,0.22%,0.20%,0.40%,0.39%,0.43%,0.59%,0.82%
LONGAGEN,"31,500","18,300","6,900","27,000","9,000","18,000","2,700","6,300",105,61,23,90,30,60,9,21,0.28%,0.15%,0.06%,0.21%,0.07%,0.12%,0.03%,0.06%
HERPASUNNY,"4,800",,450,"1,200",300,150,900,,32,,3,8,2,1,6,,0.08%,,0.01%,0.02%,0.00%,0.00%,0.02%,
GLUCO SUNNY,"1,260",210,210,"1,890","5,670","1,050",210,,6,1,1,9,27,5,1,,0.02%,0.00%,0.00%,0.02%,0.06%,0.01%,0.00%,
WELLSSAGE JOINT,"11,880","10,230","18,150","17,820","18,480","6,930",330,,36,31,55,54,56,21,1,,0.12%,0.11%,0.17%,0.15%,0.17%,0.06%,0.00%,
BOSTON XIMAJOINT,"25,125","16,125","22,500","46,500","34,500","54,750","39,750","5,250",67,43,60,124,92,146,106,14,0.09%,0.08%,0.11%,0.23%,0.20%,0.28%,0.31%,0.07%
MOONFLEX,"234,930","244,320","247,100","186,660","155,660","229,570","185,830","208,150",653,693,734,534,462,633,518,582,2.77%,3.13%,3.16%,2.23%,2.45%,2.58%,2.21%,2.43%
CARTINO - NEW,"12,035","10,150","5,220","2,030","3,625","10,875","8,845","6,960",83,70,36,14,25,75,61,48,0.35%,0.32%,0.16%,0.06%,0.13%,0.31%,0.26%,0.20%
SEKEM CO*,"4,527,749","2,575,875","2,159,812","2,480,960","19,96,906","3,485,833","2,365,525","3,126,249","68,180","50,134","42,963","45,997","36,159","51,321","40,700","46,945",0.03%,0.02%,0.02%,0.02%,0.02%,0.02%,0.02%,0.02%
SPONDEX,"234,216","61,416","41,112","39,096","4,032",216,,,"3,253",853,571,543,56,3,,,4.77%,1.70%,1.33%,1.18%,0.15%,0.01%,,
SEKEM COLLAGED,"116,700","61,800","84,600","65,100","45,000","37,200","39,300","17,400",389,206,282,217,150,124,131,58,0.57%,0.41%,0.66%,0.47%,0.41%,0.24%,0.32%,0.12%
SOFILIFE FL MAX AC,,,"41,400","33,600","73,800","173,400","31,800","132,600",,,69,56,123,289,53,221,,,0.27%,0.26%,0.35%,0.93%,0.33%,0.91%
MOVICAN,"170,367","164,154","161,865","158,922","115,104","122,952","75,864","120,009",521,502,495,486,352,376,232,367,2.70%,2.06%,2.21%,1.82%,0.96%,0.87%,0.90%,0.90%
FLEXANA,,,,,,69,69,138,,,,,,1,1,2,,,,,,0.00%,0.00%,0.01%
POINTZAM,"445,920","312,960","180,960","232,320","171,360","234,720","201,600","240,480",929,652,377,484,357,489,420,501,13.41%,8.40%,5.70%,6.00%,7.55%,13.76%,6.39%,8.18%
CINGAL,"1,041,900","786,600","469,200","1,179,900","1,179,900","800,400","1,393,800","1,283,400",151,114,68,171,171,116,202,186,31.86%,33.83%,25.56%,37.75%,27.85%,21.05%,28.65%,32.46%
MONOVISC,"782,400","494,400","523,200","532,800","1,012,800","604,800","1,286,400","1,224,000",163,103,109,111,211,126,268,255,34.39%,30.56%,40.98%,24.50%,34.36%,22.87%,38.01%,44.50%
ORTHOVISC,"240,000","180,000","133,500","256,500","348,000","463,500","352,500","198,000",160,120,89,171,232,309,235,132,33.76%,35.61%,33.46%,37.75%,37.79%,56.08%,33.33%,23.04%
JENASOL LINE,"41,610","44,840","37,430","32,490","14,250","35,420","30,140","37,400",219,236,197,171,75,161,137,170,1.83%,2.06%,1.80%,1.37%,0.67%,1.26%,1.13%,1.41%
JOINTMACK,"349,000","465,000","428,500","455,500","474,000","492,520","529,200","382,760","1,396","1,860","1,714","1,822","1,896","1,759","1,890","1,367",15.47%,15.42%,14.91%,10.00%,7.96%,9.55%,7.32%,7.04%
ARTAVA,"170,400","250,400","234,400","495,400","217,200","300,400","325,200","308,400",472,679,627,"1,248",543,751,813,771,5.23%,5.63%,5.45%,6.85%,2.28%,4.08%,3.15%,3.97%
JOINTMACK PLUS,"61,790","456,130","258,720","605,050","472,620","764,620","709,340","801,790",163,"1,336",684,"1,510","1,289","1,889","1,873","2,188",1.81%,11.07%,5.95%,8.29%,5.41%,10.26%,7.26%,11.27%
PERFECT MOVE,"55,484","77,212","83,808","107,864","86,136","67,124","40,740","72,944",143,199,216,278,222,173,105,188,0.53%,0.57%,0.68%,0.86%,1.65%,1.37%,0.50%,1.23%
TURMEBLEND,"52,500","37,800","1,750","1,050",700,700,700,"1,750",150,108,5,3,2,2,2,5,4.98%,3.15%,0.14%,0.06%,0.05%,0.05%,0.05%,0.11%
CARTIZAD,"40,895","45,890","40,900","40,000","47,200","46,600","47,200","46,000",408,457,409,400,472,466,472,460,2.76%,3.60%,2.94%,2.90%,3.54%,3.35%,3.40%,2.90%
JOINT MARSH,,,"1,800","3,600",300,,,,,,6,12,1,,,,,,0.34%,0.68%,0.06%,,,
GRAN MOVE,"59,285","74,265","79,840","92,140","80,545","75,600","61,740","45,220",386,505,560,642,538,540,441,266,4.47%,5.80%,6.13%,5.03%,4.65%,4.05%,2.96%,1.95%
COLA-CHOND,"285,345","306,510","331,245","285,855","328,695","324,615","355,088","366,881","1,119","1,202","1,299","1,121","1,289","1,273","1,114","1,151",17.57%,16.30%,17.26%,16.76%,18.87%,17.64%,17.08%,18.09%
HOFFCARTI PLUS,"5,760",960,,,,,,,36,6,,,,,,,0.41%,0.08%,,,,,,
BRAYTOFLEX,"158,760","157,920","161,700","150,360","176,400","199,080","200,340","194,460",378,376,385,358,420,474,477,463,5.38%,5.67%,5.25%,4.70%,5.64%,6.69%,8.43%,9.12%
ZSWEV JOINT,"981,630","1,417,380","899,350","1,164,880","1,138,680","1,710,780","1,497,220","1,449,720","2,517","3,719","2,363","3,063","2,996","4,502","3,940","3,815",65.84%,58.92%,66.60%,58.43%,57.76%,58.67%,62.49%,48.88%
VISCOSEAL,,,,,"6,800","13,600","3,400",,,,,,2,4,1,,,,,,0.06%,0.09%,0.02%,
OSTENIL,,,,,"37,400","10,200","17,000","47,600",,,,,11,3,5,14,,,,,0.32%,0.07%,0.12%,0.56%
OSTEOLAGE,"68,540","201,160","116,760","135,800","193,800","226,500","229,800","237,800",348,947,442,528,667,785,800,806,4.00%,6.95%,4.06%,4.36%,4.83%,4.41%,4.98%,4.64%
CENTRAVITA*,"1,039,990","4,201,394","4,613,124","6,496,234","5,667,756","7,727,186","6,760,120","8,720,670","3,217","13,472","14,244","18,619","16,722","21,293","20,182","24,750",0.00%,0.01%,0.01%,0.01%,0.01%,0.01%,0.01%,0.01%
NOVA GROUP BONES,580,290,,290,,580,290,,2,1,,1,,2,1,,0.01%,0.00%,,0.01%,,0.61%,0.02%,
VISCOPLUS MATRIX,"880,000","390,500","396,000","313,500","88,000","335,500","1,203,072","501,280",160,71,72,57,16,61,192,80,99.38%,94.67%,94.74%,100.00%,94.12%,95.31%,98.97%,89.89%
VISCOPLUS,"2,000","8,000","8,000",,"2,000","6,000","4,200","18,900",1,4,4,,1,3,2,9,0.62%,5.33%,5.26%,,5.88%,4.69%,1.03%,10.11%
OSTEOPATEX,"294,900","450,600","83,850","395,400","587,850","815,400","856,650","121,650","1,966","3,004",559,"2,636","3,919","5,436","5,711",811,41.17%,57.81%,18.31%,53.98%,66.84%,73.81%,82.49%,39.41%
ATLACARE,,"11,000",,"2,640","6,160","7,260","2,860","1,320",,50,,12,28,33,13,6,,0.82%,,0.26%,0.50%,0.56%,0.20%,0.10%
VEE ORTHO,"1,800","14,700","8,400","10,800","7,680","3,200","15,040","10,560",6,49,28,36,24,10,47,33,0.34%,4.80%,2.52%,4.04%,2.71%,0.91%,2.70%,1.66%
CARTI SYNOV,"54,400","29,325","73,100","22,950","56,950","47,600","68,425","62,475",128,69,172,54,134,112,161,147,2.44%,1.12%,2.78%,1.14%,2.70%,2.25%,3.46%,2.86%
COLITRA PLUS,"1,035","1,725","1,725","1,725","1,725","1,035","4,830","3,450",3,5,5,5,5,3,14,10,0.19%,0.28%,0.34%,0.24%,0.24%,0.13%,0.49%,0.49%
COLGY PLUS,680,,,,,,,,4,,,,,,,,0.25%,,,,,,,
COLGY,,,260,650,,,,,,,2,5,,,,,,,0.14%,0.24%,,,,
BROVITACAN JOINT,"160,920","80,280","35,640","42,120","50,220","54,540","38,520","30,060",894,446,198,234,279,303,214,167,17.21%,15.05%,11.24%,10.16%,10.00%,10.79%,8.49%,7.25%
MOVE MASTER,"21,780","24,750","15,840","9,900","14,850","11,880","34,650","12,870",22,25,16,10,15,12,35,13,1.89%,1.42%,1.52%,1.55%,2.22%,1.61%,4.00%,0.80%
TADAVOCADO,,,"76,750","191,750","113,000","118,750","75,500","139,000",,,307,767,452,475,302,556,,,3.61%,7.12%,6.27%,5.27%,3.21%,4.50%
MOVACARTIN,"23,250","23,250","12,375","6,400",,"18,700","12,325","7,225",62,62,33,16,,44,29,17,3.83%,4.52%,3.48%,5.03%,,6.78%,6.56%,6.80%
NOBEL FREE,,,"16,200","72,300","96,000","110,100","93,900","81,000",,,54,241,320,367,313,270,,,1.58%,5.31%,8.32%,7.57%,8.22%,7.52%
COLLAGEN JOINTS,"109,470","210,040","97,010","70,310","23,140","29,370","29,370","4,450",123,236,109,79,26,33,33,5,30.54%,28.16%,27.66%,22.57%,10.16%,22.92%,16.67%,5.05%
FREEMOVE,"3,450","4,830","6,210","4,140",690,690,690,"1,380",5,7,9,6,1,1,1,2,1.24%,0.84%,2.28%,1.71%,0.39%,0.69%,0.51%,2.02%
HYALOTOCO,"17,280","16,020","16,560","9,720","5,940","5,400","5,220","9,540",96,89,92,54,33,30,29,53,7.33%,8.36%,13.67%,5.95%,4.93%,4.05%,3.84%,6.46%
ARTIAID PLUS,"257,550","186,150","153,000","153,000","178,500",,,,101,73,60,60,70,,,,100.00%,100.00%,100.00%,100.00%,100.00%,,,
OPTACADO,"50,500","17,978","184,395","216,885","287,850","189,525","224,865","268,185",250,89,647,761,"1,010",665,789,941,17.36%,6.61%,31.09%,36.59%,38.59%,26.85%,31.31%,25.72%
JOTILAX,,,,,"5,185","24,798","1,353","1,127",,,,,23,110,6,5,,,,,1.36%,5.22%,0.41%,0.37%
STAVROMINE,"37,120","15,080","17,690","25,230","4,640","11,020","30,160","46,690",128,52,61,87,16,38,104,161,10.58%,6.36%,7.50%,6.66%,2.34%,5.39%,10.35%,12.91%
GENEXALDINE,,,,,,200,,500,,,,,,1,,2,,,,,,0.01%,,0.04%
FLEXSOYA,"1,425","1,425",285,285,,,285,285,5,5,1,1,,,1,1,0.15%,0.13%,0.03%,0.03%,,,0.02%,0.01%
JOCADO,"62,700","95,000","74,670","80,370","64,220","52,080","112,350","106,050",330,500,393,423,338,248,535,505,26.03%,21.26%,19.31%,14.57%,21.61%,18.36%,16.21%,15.65%
NOCHEL,"24,900","25,800","14,400","15,300","18,300","22,500","28,200","27,600",83,86,48,51,61,75,94,92,6.51%,6.07%,6.02%,13.86%,10.10%,6.96%,4.75%,5.27%
CONJU,,"5,200","2,400",400,"1,600",800,"8,400","1,600",,13,6,1,4,2,21,4,,0.75%,0.61%,0.06%,0.28%,0.12%,1.18%,0.28%
NOVAJO PLUS,"33,990","70,620","40,260","72,600","81,510","27,720","25,740","18,810",103,214,122,220,247,84,78,57,17.52%,30.14%,18.83%,25.52%,40.23%,13.82%,14.03%,11.47%
CARTIOJO,"22,500","17,550","18,750","19,500","13,500","28,500","8,550","5,610",150,117,125,130,90,190,57,34,25.51%,16.48%,19.29%,15.08%,14.66%,31.25%,10.25%,6.84%
NOVAJO,180,180,360,360,,,,,1,1,2,2,,,,,0.17%,0.14%,0.31%,0.23%,,,,
ALBOMED*,"127,800","183,600","208,900","324,400","261,200","224,500","855,000","372,500",21,34,37,49,45,41,139,60,0.00%,0.00%,0.00%,0.00%,0.00%,0.00%,0.00%,0.00%
ALBOMED KD,"127,800","183,600","208,900","324,400","261,200","224,500","855,000","372,500",21,34,37,49,45,41,139,60,100.00%,100.00%,100.00%,100.00%,100.00%,100.00%,100.00%,100.00%
JELACE,,,,"2,100",525,"1,575","1,575","2,800",,,,12,3,9,9,16,,,,1.12%,0.28%,0.79%,0.75%,1.40%
INNOGEN CARTIGEN,"97,440","88,320","71,280","75,360","80,400","83,280","59,520","49,680",406,368,297,314,335,347,248,207,60.87%,62.48%,56.36%,43.85%,62.85%,77.28%,65.09%,46.62%
SNOWLIVA,"21,560","14,840","12,880","10,080","10,360","3,640","10,080","6,160",77,53,46,36,37,13,36,22,13.07%,9.60%,11.30%,5.43%,9.92%,5.02%,12.04%,8.70%
CRYOVERD,"107,750","167,500","56,000","71,250","105,000","60,750","75,250","98,750",431,670,224,285,420,243,301,395,99.08%,53.43%,52.46%,41.07%,39.47%,36.49%,53.37%,47.94%
CRYOVERD JOINTS,"1,180","172,280","59,885","120,655","189,980","124,785","77,585","126,555",4,584,203,409,644,423,263,429,0.92%,46.57%,47.54%,58.93%,60.53%,63.51%,46.63%,52.06%
HEPNEEPRESS,"34,000","31,600","13,600","11,600","31,200","43,200","55,200","66,400",85,79,34,29,78,108,138,166,21.09%,18.63%,7.46%,4.20%,7.54%,8.36%,7.81%,6.49%
RENEHAVIS,"44,800","236,800","134,400","91,000",,"32,500","58,500","110,500",7,37,21,14,,5,9,17,58.33%,60.66%,77.78%,100.00%,,100.00%,29.03%,85.00%
SPORTVIS,"35,895","172,296","43,074",,,,"176,000","24,000",5,24,6,,,,22,3,41.67%,39.34%,22.22%,,,,70.97%,15.00%
BONE THREE,"5,280","7,590","13,530","15,510","10,230","5,280","13,860","9,900",16,23,41,47,31,16,42,30,2.63%,2.87%,5.32%,9.36%,4.52%,4.48%,21.32%,16.22%
STARK BEN,"19,890","22,620","22,035","16,380","24,765","31,590","15,405","23,010",102,116,113,84,127,162,79,118,33.01%,31.18%,34.24%,16.31%,20.92%,38.12%,16.49%,30.10%
KODE JOINTS,"11,480","15,120","8,400","13,720","9,240","6,160","3,640","3,920",41,54,30,49,33,22,13,14,13.71%,14.21%,8.00%,13.39%,13.75%,6.77%,8.33%,7.69%
JOINTHEALTH,"12,300","4,500","8,100","8,100","3,600","1,800","1,500","1,500",41,15,27,27,12,6,5,5,5.03%,2.06%,3.96%,4.05%,2.63%,1.30%,1.31%,2.12%
CHONDACEUTIK,"8,740","2,300",,"8,960","14,000","11,200","12,040","5,320",38,10,,32,50,40,43,19,4.53%,2.10%,,4.43%,3.97%,3.05%,4.97%,2.02%
REMAZAMIN,"22,515","28,785","25,650","30,780","29,070","22,800","28,785","34,485",79,101,90,108,102,80,101,121,26.07%,35.56%,36.29%,41.38%,45.54%,39.60%,46.12%,45.15%
SOYAMED,"24,600","24,900","25,500","44,700","42,600","23,100","36,900","55,200",82,83,85,149,142,77,123,184,24.62%,25.30%,16.31%,22.44%,22.12%,20.53%,23.12%,24.73%
JANOJOINT,"22,620","27,260","17,110","32,770","37,700","25,810","40,590","46,860",78,94,59,113,130,89,123,142,23.42%,28.66%,11.32%,17.02%,20.25%,23.73%,23.12%,19.09%
KENOVA,"7,425","4,050","3,825","9,000","34,650","10,125","12,825","18,000",33,18,17,40,154,45,57,80,6.35%,3.01%,2.56%,4.87%,16.02%,6.54%,10.12%,9.63%
YOUMAGENCON,"61,710","73,440","57,375","86,190","103,020","112,965","110,670","72,930",242,288,225,338,404,443,434,286,100.00%,100.00%,100.00%,94.41%,87.07%,63.65%,48.55%,37.05%
FLEXREPOSE,,,,"13,200","39,600","166,980","303,600","320,760",,,,20,60,253,460,486,,,,5.59%,12.93%,36.35%,51.45%,62.95%
YOGI PLUS,"40,875","46,500","54,000","43,125","42,750","48,750","51,000","62,625",109,124,144,115,114,130,136,167,21.54%,13.07%,12.57%,16.36%,15.22%,15.33%,46.26%,18.87%
JOINT PLANET,"59,000",,,,,,590,,100,,,,,,1,,100.00%,,,,,,100.00%,
ECOLLA,"14,000","15,250","11,250","13,107","13,107","18,500","19,000","5,750",56,61,45,51,51,74,76,23,10.28%,10.80%,8.06%,10.22%,7.18%,8.42%,11.05%,3.41%
MNR BONE,"52,920","183,400","294,280","391,720","456,680","334,880","434,560","588,560",189,655,"1,051","1,399","1,631","1,196","1,552","2,102",100.00%,100.00%,100.00%,100.00%,100.00%,100.00%,100.00%,100.00%
FORTIJOINT,"18,760","18,760","14,560","26,040","16,240","12,880","13,720","7,560",67,67,52,93,58,46,49,27,30.59%,22.48%,24.19%,30.10%,20.79%,18.33%,15.81%,12.50%
SEMICAL*,"48,000","114,000","18,000",,,,"96,000","12,800",8,19,3,,,,15,2,0.00%,0.00%,0.00%,,,,0.00%,0.00%
SEMICAL,"48,000","114,000","18,000",,,,"96,000","12,800",8,19,3,,,,15,2,100.00%,100.00%,100.00%,,,,100.00%,100.00%
COLAJD,"30,000",,"20,400","17,000",,,,,100,,60,50,,,,,46.58%,,22.64%,69.44%,,,,
KNORPEL,80,"1,240",,375,"1,125","2,625",750,"1,875",1,10,,1,3,7,2,5,0.31%,8.11%,,1.39%,1.38%,5.38%,6.90%,20.00%
MATRICOGA,"5,060","1,610","3,220","1,380","10,470","11,150","15,580","10,460",22,7,14,6,51,55,77,52,8.63%,4.27%,10.14%,2.68%,5.26%,6.02%,7.17%,5.56%
ORTHO-MOTO,"39,050","14,850","7,700","8,800","1,650","41,250","45,650","204,050",71,27,14,16,3,75,83,371,100.00%,100.00%,100.00%,100.00%,100.00%,100.00%,100.00%,100.00%
ANADAR,"22,685","4,188","2,792","1,047",,,,,65,12,8,3,,,,,32.02%,10.62%,13.79%,0.06%,,,,
DOROFEN,"1,071","3,978",765,"744,345","946,764","712,062","595,476","1,078,038",7,26,5,"4,865","6,188","4,654","3,892","7,046",3.45%,23.01%,8.62%,99.20%,99.81%,99.87%,99.83%,100.00%
CURA JOINT,"37,500","18,000","1,500","3,000",,"7,500","7,500","6,000",25,12,1,2,,5,5,4,100.00%,100.00%,100.00%,100.00%,,100.00%,100.00%,100.00%
ARTHOJO,"21,840","26,250","32,970","17,010","13,230","12,600","14,490","13,230",104,125,157,81,63,60,69,63,52.53%,57.08%,78.50%,91.01%,95.45%,93.75%,97.18%,98.44%
TEBLECEAN,602,172,430,,,,,,7,2,5,,,,,,1.48%,0.48%,0.59%,,,,,
ORTHOMERIC,"36,519","54,285","30,363","86,203","73,639","76,780","108,539","199,279",111,165,87,247,211,220,311,571,100.00%,100.00%,12.29%,26.28%,31.83%,24.53%,25.81%,35.36%
STIFNESBAN,"3,360","1,680","1,440","1,200","1,920",,,,14,7,6,5,8,,,,3.38%,3.83%,2.27%,4.07%,47.06%,,,
H.JOINT,"5,880","4,410","3,150",,,,,"2,070",28,21,15,,,,,9,18.30%,13.21%,13.51%,,,,,6.29%
ADANT,"33,000","451,500","99,000","61,500","6,000","36,000","18,000","3,000",22,301,66,41,4,24,12,2,100.00%,100.00%,100.00%,100.00%,100.00%,100.00%,100.00%,100.00%
AIG ULTRAFLEX,"6,460","2,280","4,180","3,420","1,520","1,140","5,320","4,560",17,6,11,9,4,3,14,12,5.47%,2.94%,10.38%,8.74%,2.94%,2.17%,10.85%,3.00%
COLLA SEPT,340,"1,020",170,680,180,,,720,2,6,1,4,1,,,4,1.13%,2.30%,0.39%,1.68%,0.38%,,,0.69%
AVOBEANO,"2,550","6,600","10,650","7,050","15,450","18,300","15,450","17,325",17,44,71,47,103,122,103,99,9.94%,19.82%,24.91%,15.56%,25.06%,27.35%,20.44%,21.06%
SLY SOYAVO,"6,368","2,985","3,582","9,950","9,353","5,572","11,940","13,930",32,15,18,50,47,28,60,70,12.85%,8.11%,8.45%,17.01%,13.39%,10.49%,16.95%,19.34%
ALPHACULATION,"11,700","10,800","23,760","30,960","23,040","15,300","9,900","14,700",52,45,99,129,96,51,33,49,15.95%,13.60%,20.93%,29.38%,34.78%,14.74%,10.89%,14.63%
COLLAGESKA,"12,210","4,620","7,590","15,840","10,230","15,180","13,530","15,840",37,14,23,48,31,46,41,48,48.05%,23.33%,35.38%,60.00%,41.33%,46.94%,34.45%,52.75%
MORAFLEX,"5,040","6,480","6,480","6,720","6,240","6,960","4,320","7,200",21,27,27,28,26,29,18,24,11.29%,10.47%,11.44%,12.50%,11.45%,13.62%,9.47%,9.34%
PREMIER LORRAINE,"7,040","5,500","7,040","9,900","10,340","13,420","4,400","9,120",32,25,32,45,47,61,20,38,39.02%,40.32%,32.32%,39.47%,51.65%,59.80%,28.57%,50.67%
JOINT SUPPORT,"17,955","3,990",,,,,,,9,2,,,,,,,75.00%,25.00%,,,,,,
PLAYAL,"20,000","16,000","4,000","8,000","24,000","28,000","101,200","18,400",5,4,1,2,6,7,22,4,100.00%,100.00%,100.00%,100.00%,100.00%,100.00%,100.00%,100.00%
JOINTDRIVE,"1,450",580,"2,030","1,280","2,560",960,"1,600","1,600",5,2,7,4,8,3,5,5,4.85%,1.68%,4.00%,2.82%,2.03%,0.95%,1.74%,1.85%
ITAMI-SEB,"1,080",720,"2,880","1,440","2,520","4,680","2,880","1,440",3,2,8,4,7,13,8,4,2.91%,1.68%,4.57%,2.82%,1.77%,4.13%,2.79%,1.48%
RINOSOPRAVIS,"6,960","5,520","2,400","1,440",,"6,840","1,800","1,080",29,23,10,6,,19,5,3,20.71%,24.47%,16.95%,18.18%,,32.76%,13.16%,15.00%
DIGNA JOINT,"13,110","3,795","4,140","3,105","4,830","8,030",,,38,11,12,9,14,22,,,80.85%,44.00%,37.50%,42.86%,77.78%,57.89%,,
ICOMOVE,"13,630","15,080","5,945","8,555","3,190","6,235",435,,36,39,15,24,10,21,1,,97.30%,92.86%,39.47%,66.67%,45.45%,53.85%,4.00%,
ASTRANTIA JOI SUPP,"12,675","3,900","6,825","9,750","4,875","9,750",,,13,4,7,10,5,10,,,100.00%,100.00%,100.00%,100.00%,100.00%,100.00%,,
HALORELAX,"1,560","2,340","1,755","1,365",,,,,8,12,9,7,,,,,6.67%,12.00%,15.25%,9.72%,,,,
FLEXIRAVE,"1,800","1,200","1,200","1,200",300,"1,500",900,"1,800",6,4,4,4,1,5,3,6,7.50%,4.82%,7.27%,3.10%,0.97%,3.23%,2.19%,4.03%
OPTIVISC,"10,895","2,440","2,440",,,"1,010,520","126,315","126,315",5,2,2,,,168,21,21,100.00%,100.00%,100.00%,,,100.00%,100.00%,100.00%
JOINT SMITH,"7,245","9,315","6,210","15,525","58,995","17,250","8,970","25,875",21,27,18,45,171,50,26,75,51.22%,40.30%,25.00%,88.24%,72.77%,52.63%,55.32%,70.09%
TUNO-GEN,"9,900","4,290","2,640","3,630","3,300","4,320","8,280","8,280",30,13,8,11,10,12,23,23,93.75%,100.00%,100.00%,73.33%,76.92%,63.16%,88.46%,85.19%
WELLJEN,"4,500","1,200","1,200","1,200",600,900,"4,500","10,200",15,4,4,4,2,3,15,34,30.00%,6.56%,11.11%,6.45%,4.00%,6.52%,48.39%,30.91%
WELLJEN ASU,"1,425","1,710","1,995","5,415",570,855,"1,575","3,465",5,6,7,19,2,3,5,11,10.00%,9.84%,19.44%,30.65%,4.00%,6.52%,16.13%,10.00%
COLLAGESIA,,"22,950",,,,,,,,102,,,,,,,,100.00%,,,,,,
INF CARTAFEX,246,,,,,,,,1,,,,,,,,2.00%,,,,,,,
HYALUGRAND,,41,,,41,,,,,1,,,1,,,,,0.57%,,,1.00%,,,
OSTALO,594,"1,188",594,891,891,891,"1,485","2,376",2,4,2,3,3,3,5,8,5.56%,3.54%,1.35%,4.41%,3.49%,4.41%,8.06%,10.67%
ORTHOSKY,450,,225,,225,,225,,2,,1,,1,,1,,10.53%,,4.00%,,4.17%,,4.17%,
CONDRIONOUR,"2,400",,,"6,600","9,240","10,080","6,720","10,320",12,,,30,42,42,28,43,54.55%,,,56.60%,57.53%,58.33%,42.42%,58.90%
TURMEZYM,640,975,"4,290","1,950","2,145","3,900","2,535","3,120",5,5,22,10,11,20,13,16,12.50%,22.73%,17.05%,9.17%,14.29%,19.61%,17.81%,17.20%
EURODRAVA,960,"3,840","2,880","2,880","2,400","1,920","3,360","1,920",2,8,6,6,5,4,7,4,7.69%,13.33%,15.38%,24.00%,83.33%,66.67%,87.50%,30.77%
ARCECHIMA,"2,100","14,800","15,000","20,200","17,200","18,800","12,800","24,800",12,74,75,101,86,94,64,124,100.00%,100.00%,100.00%,100.00%,100.00%,100.00%,100.00%,100.00%
ENDSAV,,"1,470",,,,,,,,3,,,,,,,,10.00%,,,,,,
MAROG,880,"3,520","2,200","2,420","5,940","3,960",440,"3,740",4,16,10,11,27,18,2,17,57.14%,64.00%,66.67%,55.00%,69.23%,52.94%,10.53%,47.22%
GELATXIN,975,,,"7,840","6,860","2,205","2,450","5,145",5,,,32,28,9,10,21,100.00%,,,100.00%,100.00%,100.00%,100.00%,100.00%
KOLIKART,840,630,"1,260",,"1,050","2,880",960,"2,160",4,3,6,,5,12,4,9,100.00%,100.00%,100.00%,,100.00%,100.00%,100.00%,100.00%
SOUBIROSOY,,720,,,,,,,,3,,,,,,,,60.00%,,,,,,
LEDHELSE,778,,389,,778,,,,2,,1,,2,,,,100.00%,,16.67%,,100.00%,,,
EDOGLUCOSAMINE,250,,500,750,,300,,"1,800",1,,2,3,,1,,6,14.29%,,33.33%,30.00%,,100.00%,,75.00%
NOVA GROUP*,225,"7,200",45,180,,315,90,180,5,160,1,4,,7,2,4,0.00%,0.00%,0.00%,0.00%,,0.00%,0.00%,0.00%
JOINARDIN,213,170,213,128,,,,,5,4,5,3,,,,,100.00%,100.00%,100.00%,100.00%,,,,
EPI-CARTILAGE,,,"1,750","10,500",,525,"1,050","4,200",,,10,20,,1,2,8,,,100.00%,100.00%,,100.00%,100.00%,100.00%
GLASUCHOND,,,,"6,650","4,550","3,150","2,800","2,450",,,,19,13,9,8,7,,,,32.20%,27.08%,23.08%,25.81%,18.42%
COLLAG FLEX,,,279,279,558,279,279,,,,1,1,2,1,1,,,,100.00%,100.00%,100.00%,100.00%,100.00%,
KE-MOVE,,,,,,320,,,,,,,,1,,,,,,,,33.33%,,
OLLAVI,,,,"5,600",,,,,,,,20,,,,,,,,100.00%,,,,
RICOGENEX,,"60,750","1,000","3,180","4,770","2,120","2,650","3,710",,243,4,12,18,8,10,14,,100.00%,100.00%,100.00%,94.74%,100.00%,83.33%,73.68%
YUCEBII,,,,,720,,"1,440",720,,,,,1,,2,1,,,,,5.26%,,16.67%,5.26%
ECORIPLAM,,,"48,120","48,120",,"96,240","48,120","144,360",,,1,1,,2,1,3,,,1.08%,0.37%,,0.50%,0.19%,0.55%
